customer_id,name,email,join_date,country,loyalty_points
1,Norma Fisher,ysullivan@yahoo.com,2023-10-23,Guinea-Bissau,6311
2,Susan Wagner,katelynmontgomery@yahoo.com,2024-04-14,Romania,6890
3,Stephanie Collins,thomas15@stewart-bowman.com,2024-06-15,Lesotho,663
4,Joseph Brown,cortezraymond@garrett.com,2021-10-30,Saint Lucia,4242
5,Seth Lee,lindathomas@west.net,2023-12-02,Botswana,8376
6,Eddie Martinez,tamaramorrison@hotmail.com,2022-03-15,Kenya,7961
7,Robert Stewart,ivan20@zavala.com,2021-01-10,Uzbekistan,6634
8,Bobby Lyons,aimee33@hotmail.com,2023-04-29,Morocco,4969
9,Johnathan Davidson,nguyendarrell@hotmail.com,2022-08-10,Tanzania,7808
10,Alan Nelson,laura56@garcia.com,2020-02-21,Svalbard & Jan Mayen Islands,5866
11,Susan Ferguson,martinezjacob@wilson.com,2020-01-25,Netherlands,9558
12,Tyler Lopez,zclark@giles.net,2023-05-18,Nicaragua,3578
13,David Walker,ryan08@yahoo.com,2020-02-03,Nauru,8268
14,William Gonzalez,kmassey@gmail.com,2021-06-26,Seychelles,2281
15,Michael Bruce,david72@gmail.com,2023-10-08,Pitcairn Islands,4617
16,Keith Romero,paul42@hotmail.com,2019-11-11,Kuwait,2289
17,Gabriella Williams,johnbenton@yahoo.com,2022-03-16,Peru,1553
18,Travis Schultz,paul61@wheeler.com,2021-02-12,Dominican Republic,4104
19,Jerome Page,moralesjacqueline@yahoo.com,2020-02-26,Chad,8725
20,David Moore,hensontroy@yahoo.com,2023-09-23,Australia,9861
21,Sheri Burnett,monroedavid@morales.biz,2022-06-12,Afghanistan,2407
22,Mitchell Smith,davidbanks@ramirez-good.com,2023-10-20,Timor-Leste,5081
23,Lori Johnson,callahandennis@hotmail.com,2022-09-16,Brazil,1618
24,Diana Smith,eringrant@mays-browning.com,2023-12-18,Rwanda,1208
25,Judy Graham,nicholascarter@hernandez.com,2022-11-17,Saint Barthelemy,5409
26,Richard Johnson,edwardsilva@yahoo.com,2023-02-11,Mayotte,7735
27,Brian Cross,hayden81@powell-murphy.biz,2020-09-05,Bolivia,9171
28,Karen Rogers,mendozaholly@yahoo.com,2020-01-29,Gabon,1649
29,Michael Moore,odrake@jones.com,2021-08-20,Bahamas,5796
30,Brent Hawkins,ymora@hotmail.com,2021-08-08,Jamaica,7113
31,Daniel Duarte,hlee@short.com,2024-03-24,Korea,5180
32,Christina Crawford,danielleshea@gmail.com,2020-12-31,Bosnia and Herzegovina,3350
33,James Payne,hintontonya@elliott.biz,2024-03-10,Lithuania,9052
34,Stacy Bass,amyvelazquez@gmail.com,2022-08-26,Romania,7815
35,Stephanie Meyers,nancymorrison@kirby.com,2023-10-04,Bahrain,7253
36,Kellie Sexton,davidturner@rivera-martin.com,2023-09-04,Holy See (Vatican City State),8541
37,Stephanie Shaw,burgessrebecca@roberts.biz,2023-11-10,Tanzania,4267
38,Jasmine Willis,yangkevin@scott.com,2023-03-24,Hungary,1020
39,Amy Davidson,justingreer@mcmahon.biz,2020-12-14,Liechtenstein,8989
40,Lindsay Miller,robert97@ellis-garcia.com,2019-12-05,Antigua and Barbuda,230
41,Brandi Nguyen,patrickfrank@yahoo.com,2020-09-12,Turkmenistan,1528
42,Michael Mendez,montesjennifer@yahoo.com,2020-11-01,United States Minor Outlying Islands,6534
43,Edward Reese,benjaminmyers@sherman-gibson.com,2020-02-19,United Arab Emirates,18
44,Katelyn Santana,claytonweiss@chan.com,2020-09-20,Cameroon,8086
45,Keith Livingston,abrown@navarro.info,2023-06-04,Poland,5458
46,Jonathan Shields,christian11@yahoo.com,2020-01-03,Guatemala,3996
47,Adam Mccann,carlsondouglas@gmail.com,2021-07-01,Palestinian Territory,5328
48,Teresa Martinez,mike09@villarreal.info,2020-09-17,Lesotho,1031
49,Tyler Anderson,matthew44@fields.com,2024-04-16,Morocco,3130
50,James Thomas,lesliesanchez@carter.com,2020-11-17,Nepal,9298
51,Blake Jones,andrea29@yahoo.com,2022-04-16,Northern Mariana Islands,3632
52,David Chen,aortiz@valenzuela.info,2020-07-12,Zambia,3909
53,Brian Rodriguez,lhebert@reynolds-wright.info,2022-08-26,Vietnam,2334
54,Heather Welch,sfischer@greer.org,2023-09-08,Albania,8896
55,Brian Irwin,rogerpotter@gmail.com,2023-12-28,Senegal,7339
56,Kimberly Sullivan,nelsonelizabeth@scott.org,2023-02-16,Kenya,1494
57,David Campbell,johnsonlaura@ferguson-wilson.com,2021-02-23,Bangladesh,1318
58,Dylan Meyer,jenkinscynthia@figueroa-strong.com,2022-03-30,Kenya,5243
59,Mark Moore,dmorales@castro.com,2023-10-11,Samoa,8322
60,John Neal,dpearson@yahoo.com,2022-04-23,Cambodia,8016
61,Amy Howell,thomas08@mcdaniel.biz,2019-10-23,Guyana,1786
62,Marc Key,donaldberry@gmail.com,2020-08-26,Jordan,4938
63,Gary Jackson,thernandez@gmail.com,2024-03-19,Germany,9031
64,Thomas Wallace,yroman@hotmail.com,2021-08-18,South Africa,4769
65,Todd Willis,ojohnson@pitts.com,2021-03-25,Djibouti,2044
66,Lisa Bush,robert08@hotmail.com,2024-05-30,Venezuela,8969
67,Jessica Gibson,rlewis@gmail.com,2020-02-17,Austria,5451
68,Aaron Pena,buchananerin@sanders.com,2020-08-16,Netherlands,8852
69,Rebecca Morris,jonathan80@gmail.com,2022-11-22,Belgium,3329
70,Joseph Lopez,emily44@heath.com,2020-02-19,Gambia,9882
71,Andrea Murray,starkrobert@yahoo.com,2023-09-03,Kazakhstan,8965
72,Brad Garcia,nhenson@salazar-meyers.net,2023-02-10,Armenia,9627
73,Danielle Robinson,luis61@hotmail.com,2022-03-09,New Caledonia,4712
74,Christina Phillips,qherrera@yahoo.com,2021-09-23,Andorra,7290
75,Richard Garcia,jefferyhobbs@hotmail.com,2019-10-24,Saint Vincent and the Grenadines,1501
76,Jessica Williams,david95@gmail.com,2024-05-28,Panama,9769
77,Patrick Valenzuela,emily35@castillo.com,2024-06-17,Macedonia,6306
78,Kevin Johnson,lmoore@esparza.info,2024-08-07,Seychelles,5194
79,Cindy Oconnor,lgomez@fuller.org,2019-12-23,Mali,9431
80,Katherine Parker,donnasimpson@castillo.com,2020-12-04,Netherlands Antilles,3966
81,Corey Stewart,nacevedo@gmail.com,2022-06-09,Saint Kitts and Nevis,4756
82,Danielle Roy,max24@kelly.com,2021-01-15,Guinea,3012
83,Mark Johnson,perezdesiree@nicholson.biz,2020-11-29,Uganda,3102
84,Joann Thomas,debrachandler@hotmail.com,2023-03-26,Hong Kong,3059
85,Steven Ferguson,cunninghamdavid@yahoo.com,2021-03-19,Afghanistan,540
86,Lisa Stanley,riveramary@wright.com,2024-07-13,Chile,4260
87,Jessica Hancock,nmckinney@williams.biz,2019-12-27,Nigeria,7807
88,Amanda Davis,stephenromero@gmail.com,2023-03-14,Guadeloupe,1131
89,Johnathan Long,andrea08@hotmail.com,2024-06-14,Estonia,1471
90,Amanda Foster,dreed@nelson.com,2024-09-15,Reunion,2133
91,Donna Parks,paul43@knight.com,2024-09-28,Peru,2450
92,Melanie Gomez,meghan09@cunningham.com,2022-03-26,Nigeria,633
93,Johnny Powell,aarontaylor@gmail.com,2023-07-07,Brunei Darussalam,1314
94,Adam Griffith,chadboyle@yahoo.com,2021-03-27,Malta,8857
95,Matthew Moore,rfischer@mitchell-patterson.com,2021-12-14,Martinique,6410
96,Emily Peterson,meganbrady@gmail.com,2024-07-19,Hungary,8594
97,Travis Hoffman,rachelcox@gmail.com,2021-05-30,Niue,4515
98,Michael Smith,joshuaduffy@miller-west.info,2024-02-01,Ukraine,8549
99,Michele Rubio,bmclean@foster.com,2022-07-18,Bermuda,3858
100,Johnathan Farmer,xhughes@garrett.com,2024-09-17,Lao People's Democratic Republic,3525
101,Keith Elliott,lynn67@hotmail.com,2020-11-27,Armenia,9663
102,Sean Ward,jenniferpowers@williams-hebert.com,2022-06-08,India,6871
103,Victoria Hubbard,mlambert@gmail.com,2023-03-12,Tonga,9497
104,Anthony Martinez,tthornton@williams.net,2023-01-19,Zambia,4509
105,Robert Hess,lisaharris@murphy-erickson.com,2024-02-27,Vietnam,7382
106,Thomas Sherman,benjaminrichards@hotmail.com,2024-02-11,Antigua and Barbuda,8071
107,Emily Arroyo,zcarr@boyd-mckinney.com,2023-10-23,Sierra Leone,5855
108,Kimberly Hoover,hesschristopher@yahoo.com,2022-10-02,Mongolia,1349
109,Roy Hunt,loganjohnson@martinez.com,2023-04-11,Oman,5313
110,Eric Price,michaelconley@russell.com,2021-12-06,Peru,1889
111,Samuel Chavez,chavezjoseph@brown-davis.com,2022-09-27,Angola,7969
112,Luis Valdez,stephen87@miller-williams.biz,2021-12-26,Antarctica (the territory South of 60 deg S),9618
113,Anna Serrano,stephanie70@gmail.com,2024-02-25,Nigeria,5493
114,Toni Smith,sheryldominguez@gmail.com,2021-03-29,Slovakia (Slovak Republic),3119
115,Margaret Sanchez,webbpamela@hotmail.com,2023-02-21,Aruba,3981
116,Mark Murphy,jeremy67@walter-taylor.org,2019-11-14,Central African Republic,265
117,Abigail Price,andrewholloway@smith.org,2021-01-04,Slovakia (Slovak Republic),4440
118,Richard French,rbradley@yahoo.com,2021-11-12,Uzbekistan,1919
119,Jordan Ferguson,rickyhopkins@reynolds.com,2023-10-06,Hong Kong,3612
120,James Brewer,houstonwhitney@hotmail.com,2022-12-02,Mauritania,6095
121,Logan Wells,billy56@rodriguez.biz,2019-12-26,Seychelles,2793
122,Seth Long,kmunoz@peterson.com,2022-03-03,Serbia,5448
123,Taylor Reed,wmccoy@gmail.com,2021-06-02,Turkey,6981
124,Cassandra Silva,swalters@hotmail.com,2023-06-04,Antigua and Barbuda,1018
125,Debra Luna,davidaustin@gmail.com,2020-01-09,Jersey,1648
126,Julie May,jgardner@jackson.com,2021-09-12,Antarctica (the territory South of 60 deg S),2397
127,Sabrina Kelly,gabrielle64@gmail.com,2022-09-02,Nigeria,3584
128,Evelyn Neal,jimmy65@yahoo.com,2023-10-07,Madagascar,741
129,Jason Sullivan,dylansilva@bush.com,2024-02-15,Bouvet Island (Bouvetoya),9402
130,Nicholas Jackson,smithpatricia@castillo.org,2021-11-30,Papua New Guinea,8752
131,Dr. Thomas Hoffman,anthonyday@johns.biz,2021-07-11,Kazakhstan,9865
132,Jennifer Smith,cjackson@brown.org,2023-03-15,Grenada,1212
133,Shane Williams,marissa78@long.com,2021-02-10,Gabon,437
134,Sandra Thomas,mendozaashlee@hawkins-baker.com,2020-09-12,French Polynesia,2038
135,Robert Taylor,brendagonzalez@atkins.org,2023-12-05,Rwanda,3088
136,Tara Hansen,jenningsjohn@yahoo.com,2022-05-28,Falkland Islands (Malvinas),9934
137,Jon Arroyo,jonesashley@gmail.com,2022-11-18,Hong Kong,9436
138,Brianna Roberts,ykeller@campbell-salazar.com,2023-03-03,Guinea,1961
139,Kaitlin Douglas,ryan56@hotmail.com,2022-03-01,Tonga,6409
140,Steven Martinez,sarah25@perez-becker.biz,2023-09-17,Malawi,1499
141,Timothy Duarte,fshaw@edwards.com,2020-07-15,Latvia,6064
142,Steven Perez,johnstonbilly@gmail.com,2021-12-30,Cook Islands,1901
143,Cassandra White,hallbradley@yahoo.com,2024-04-20,Albania,596
144,Roberto Obrien,figueroajames@meyer.biz,2020-04-28,Martinique,9920
145,David Hebert,baguirre@gmail.com,2022-12-31,Serbia,354
146,Troy Johnson,margaret72@hotmail.com,2024-02-26,Bermuda,3188
147,Brian Garcia,christinehopkins@clark-daugherty.com,2021-06-21,Italy,3030
148,Barbara Garcia,hicksseth@gmail.com,2023-08-17,Mayotte,2029
149,Jason Bennett,shawnbell@yahoo.com,2019-12-17,Kiribati,7851
150,Abigail Sullivan,rubenking@yahoo.com,2020-12-15,Denmark,3450
151,Ian Tucker,lopezsarah@nunez.com,2022-08-08,Trinidad and Tobago,1000
152,Caitlyn Yoder,robertlee@yahoo.com,2020-02-27,Solomon Islands,373
153,Patricia Morgan,isaac89@hamilton.org,2021-07-27,Nepal,8916
154,David Stein,aaronbrown@gmail.com,2023-07-12,Tunisia,6973
155,Courtney Cohen,nicole57@hotmail.com,2021-05-22,Central African Republic,1662
156,Ryan Robbins,ubranch@yahoo.com,2020-04-30,Cameroon,4258
157,Brian Moore,nzimmerman@yahoo.com,2020-02-25,Angola,1146
158,Brandon Gutierrez,cynthiayu@hotmail.com,2020-11-30,Malta,3618
159,Katherine James,jacobsjessica@harris.com,2022-05-30,Belize,1179
160,Pamela Allen,eric41@west.biz,2023-01-09,Samoa,4932
161,Gina Holloway,williamsleslie@hotmail.com,2024-07-19,Libyan Arab Jamahiriya,5739
162,Willie Mendoza,bdaniel@gmail.com,2023-06-14,Netherlands,7144
163,Tonya Gill,thorntonjohn@nelson.com,2021-05-14,Samoa,2954
164,Kimberly Morgan,rebeccaweiss@roy.com,2024-07-12,Israel,1000
165,Norma King,callahanbrenda@johnson-pittman.com,2022-09-17,Bhutan,8251
166,Michelle Cowan,sharris@gonzales.com,2024-05-30,Timor-Leste,7653
167,John Edwards,ann01@weiss.com,2020-01-21,Belize,645
168,Ebony Wilson,williamreed@yahoo.com,2020-07-06,Israel,9772
169,Sandra Martinez,grant36@hotmail.com,2022-03-12,Antigua and Barbuda,1653
170,Adam Singleton,logan84@logan.net,2020-12-12,Eritrea,6410
171,Rachel Barnes,stephanie87@erickson-henderson.com,2024-03-08,Austria,3266
172,Robert Reyes,parkermadison@horne.com,2024-03-23,Isle of Man,4262
173,David Campbell,druiz@gmail.com,2024-03-19,Guinea-Bissau,5874
174,Chris Lindsey,andreawright@white.biz,2021-02-02,Ecuador,7704
175,Betty Whitaker,alexandriaschroeder@harmon.com,2020-04-14,Isle of Man,9335
176,Jonathan Lewis,martinezchristopher@gmail.com,2020-06-13,Algeria,2775
177,Victoria Reese,traci56@yahoo.com,2020-05-29,Uganda,3332
178,Laurie Yang,dixoncarl@wright-mckinney.com,2024-02-03,French Guiana,951
179,Charles Estrada,warren42@gmail.com,2023-11-01,Sri Lanka,2592
180,Sandra Gonzalez,thomas72@yahoo.com,2022-04-10,Wallis and Futuna,2653
181,Susan Bailey,sriley@hotmail.com,2022-04-16,Peru,5608
182,Krystal Young,josephjackson@gmail.com,2024-02-27,Saudi Arabia,8674
183,Paula Hunter,jonathon47@hotmail.com,2024-03-27,Austria,4107
184,Cheyenne Scott,harrisdakota@werner-harding.com,2021-04-30,Nicaragua,1920
185,Vincent Ward,craigdiane@gmail.com,2021-03-07,Switzerland,9777
186,Tonya Young,michele19@yahoo.com,2020-09-26,Reunion,7246
187,Christopher Wheeler,joanna63@yahoo.com,2021-04-29,South Africa,2864
188,Matthew Carr,rebeccabrown@hotmail.com,2020-01-09,Oman,216
189,Tara Shaw,martin93@hotmail.com,2020-04-11,Guadeloupe,7727
190,Emily Whitney,mrowland@yahoo.com,2022-01-18,Ukraine,6715
191,Judy Fischer,angelica69@fisher-moore.biz,2020-10-30,Poland,9324
192,Teresa Cobb,julieolson@daniel.com,2020-09-11,Norfolk Island,8332
193,Roger Pham,franklinterri@beasley.biz,2023-11-07,Turks and Caicos Islands,5102
194,Mark Taylor,brandongutierrez@gmail.com,2020-02-27,Nepal,5851
195,Brandi Simon,isullivan@gmail.com,2023-07-19,Turkey,6367
196,Kristina Winters,mariahray@adams-lewis.com,2020-03-12,Mali,4111
197,Andrea Smith,kendrawall@hotmail.com,2020-11-25,Wallis and Futuna,2513
198,Tiffany Smith DVM,beth11@clark-hayes.info,2023-10-04,Martinique,9184
199,Angela Gonzales,harnold@gmail.com,2021-08-15,Cambodia,203
200,Sandra Dixon,thomasaustin@cunningham.org,2022-05-01,Guinea,7503
201,Sheila Woods,ohunt@hotmail.com,2020-01-28,Saint Kitts and Nevis,1295
202,William Peterson,autumnalvarez@graham-montgomery.net,2019-12-18,Malaysia,5503
203,Vanessa Hudson,hector47@avila-khan.biz,2019-10-08,Sudan,748
204,Cynthia Pena,sandrajuarez@yahoo.com,2024-03-24,Palestinian Territory,8918
205,Mrs. Janice Roberts DVM,robinmann@hotmail.com,2021-03-25,New Caledonia,4601
206,Kenneth Good,xmyers@phillips-lewis.com,2024-04-26,Myanmar,2209
207,Stacey Dunlap,claire25@thomas.net,2021-03-24,Martinique,3934
208,Linda English,lharris@hotmail.com,2022-10-20,Netherlands Antilles,7894
209,Robert Fernandez,peter83@anthony-stewart.com,2020-02-15,Congo,5770
210,Lindsey Martin,kingkeith@yahoo.com,2023-04-30,Suriname,9996
211,Michael Mcconnell,boyerdarin@gmail.com,2022-08-08,Cayman Islands,4716
212,Lisa Hansen,efarrell@yahoo.com,2021-08-18,Yemen,5885
213,Molly Cowan,bondbrandi@sosa-velasquez.com,2024-07-19,Dominica,9671
214,Richard Colon,cabreramonica@hotmail.com,2020-11-05,Sierra Leone,2168
215,Terri Nielsen,kenneth29@taylor.com,2023-12-23,Solomon Islands,5083
216,Nicholas Nelson,rachelbeck@gonzalez.com,2022-09-29,Martinique,6357
217,Megan Campos,roachholly@hotmail.com,2022-02-17,Somalia,6789
218,Connie Shannon,barnesdustin@williams.com,2023-08-22,Ghana,1322
219,Jessica Shepard,craighenry@yahoo.com,2024-05-03,Myanmar,24
220,Claudia Tran,nicholasfinley@davis.info,2020-12-24,Jamaica,9741
221,Nicholas Lee,bakerterri@hunt-cooper.biz,2023-01-08,Mayotte,3150
222,Michael Weaver,torresscott@hinton.com,2020-08-02,Martinique,5478
223,Jonathon Owens,harrisjohn@gray.com,2024-03-24,Congo,2622
224,Brandon Middleton,cassandrapierce@fowler.com,2023-10-07,Northern Mariana Islands,3922
225,Rachel Bell,villegasscott@fleming.info,2023-10-08,Bermuda,3655
226,Sara Roberts,natalie19@gmail.com,2023-12-24,Heard Island and McDonald Islands,7342
227,Martha Hall,pdorsey@washington.net,2022-11-27,Saint Vincent and the Grenadines,6203
228,Ashley Morris,rebecca33@boyd-coleman.biz,2023-02-11,Argentina,9308
229,Billy Soto,mariaburns@richards.biz,2022-01-03,Saint Vincent and the Grenadines,6789
230,Todd Taylor,maryevans@yahoo.com,2024-08-17,Belize,516
231,Maria Garcia,abigailjohnson@hotmail.com,2020-06-28,Lao People's Democratic Republic,6590
232,Nancy Scott,johnmartinez@hotmail.com,2024-02-28,Cayman Islands,9297
233,Marie Burton,douglasburke@lin.org,2021-04-06,Bangladesh,6852
234,Brandon Dean,tbraun@gmail.com,2020-12-16,Sweden,766
235,Amy Cook,swhitehead@hotmail.com,2021-10-24,Croatia,2714
236,Leslie Thomas,aflores@fisher-stone.com,2022-07-31,Saint Barthelemy,7296
237,Kim Price,cody43@green.com,2023-08-01,Anguilla,1046
238,Mason Williams,kmcdonald@hotmail.com,2024-02-27,Congo,4247
239,Adam Rodriguez,james74@hotmail.com,2023-03-12,Bulgaria,2583
240,Debra Russo,matthewerickson@sandoval.com,2022-07-02,Niger,7313
241,Cheryl Jenkins,wrightkathleen@alexander-mcdaniel.com,2023-05-24,Thailand,8643
242,Jacob Garcia,aanderson@trevino.biz,2020-07-30,Italy,7983
243,Ryan Burke,alison85@gmail.com,2020-12-25,Afghanistan,9198
244,Paul Chavez,nicholascaldwell@green-jackson.info,2023-02-28,American Samoa,9895
245,Brian Hardy,masonkevin@gmail.com,2020-08-17,Mauritius,1
246,Natalie Sanchez,seanmartin@strong-benson.info,2024-08-11,Anguilla,637
247,Alexis Martinez,mccoypatrick@yahoo.com,2023-01-08,Denmark,8103
248,Kristopher Castro,ronalddrake@hotmail.com,2023-05-03,Yemen,5340
249,Diane Palmer,tgilmore@yahoo.com,2022-09-08,Faroe Islands,5112
250,Charlotte Walker,dawn57@hotmail.com,2022-03-11,Peru,7649
251,William Stevens,lisabean@rivera.info,2023-07-04,Heard Island and McDonald Islands,816
252,Keith Jones,ballheather@sullivan.com,2024-05-21,Lesotho,6801
253,Grace Melendez,marie67@palmer.com,2022-09-13,Hong Kong,3080
254,Jane Newman,todd68@burton.com,2023-11-19,Cape Verde,8987
255,Roger Hardin,terry54@yahoo.com,2024-09-27,Oman,1367
256,Hannah Coleman,cameron35@gmail.com,2022-12-17,Anguilla,2138
257,Brittney Underwood,parsonsgregory@hotmail.com,2020-01-11,Denmark,241
258,Cassidy Pena,zwhite@yahoo.com,2022-05-28,Marshall Islands,6583
259,John Huang,wellsjessica@yates.com,2022-07-30,Senegal,6840
260,Anthony Curtis,sarahgibson@yahoo.com,2024-06-02,Vanuatu,5180
261,Shawn Coleman,woodkenneth@smith.com,2021-01-30,Tunisia,55
262,Caroline Banks,mezaann@jones.org,2020-09-27,Cook Islands,3498
263,Taylor Reynolds,crobbins@acosta.com,2023-05-07,Madagascar,234
264,Mark Mullen,danielvirginia@rice-nguyen.org,2024-05-28,India,38
265,Dana Steele,xhorn@campbell.com,2019-10-07,Cambodia,8656
266,Michael Clark,darrellburns@estrada-hill.com,2020-12-08,Tunisia,1602
267,Thomas Bell,triciadavis@yahoo.com,2020-12-26,Niue,3120
268,Collin Wilson,lauren14@grant-johnson.com,2021-09-22,India,1948
269,Peter Medina,brandon41@wong-smith.com,2021-09-07,Palau,9967
270,Tara Valencia DDS,sara81@gmail.com,2023-12-27,Cook Islands,3252
271,Lisa Jones,scottanthony@hotmail.com,2021-02-08,Greenland,4954
272,Jared Aguilar,daykaren@gibson.info,2022-08-09,Swaziland,4587
273,Bruce Conner,jacob36@hotmail.com,2019-11-18,Papua New Guinea,2985
274,Chelsea Goodman,rmartin@yahoo.com,2022-12-31,Kenya,1641
275,Nancy Day,bryan29@turner.com,2020-08-05,Cape Verde,7792
276,James Boyd,amanda67@yahoo.com,2020-10-10,El Salvador,6499
277,Dawn Griffith,porterdebbie@hotmail.com,2021-06-25,Jamaica,1332
278,Matthew Russell,perrychristopher@marquez-johnson.info,2023-01-27,Yemen,357
279,Kirsten Warren,lindafischer@hotmail.com,2022-10-13,Cote d'Ivoire,4500
280,Austin Davis,tonyacrawford@yahoo.com,2021-01-26,Liechtenstein,7421
281,Sarah Henry,wardwilliam@li-santos.org,2020-07-28,Gambia,1896
282,Kathy Thomas,bradleyburns@gmail.com,2024-08-20,Mali,4202
283,Mark Hart,turnersamantha@yahoo.com,2022-11-28,Armenia,2185
284,Stephen Weber,diane95@townsend.info,2023-03-15,Iraq,8533
285,Anna Bond,ycaldwell@gmail.com,2023-05-29,Sudan,5686
286,Jeff Wise,pachecosteven@yahoo.com,2022-03-27,South Georgia and the South Sandwich Islands,1885
287,Gwendolyn Martin,linda72@herrera.info,2022-06-18,China,2530
288,Eugene Nelson,rodriguezmarc@yahoo.com,2022-05-23,Grenada,4561
289,Sharon Lopez,geoffreygrant@yahoo.com,2021-10-20,Belgium,304
290,Stephanie Mosley,graychristopher@washington-taylor.com,2020-03-31,Uruguay,693
291,Mark Conley,christopher91@castaneda.biz,2021-03-21,Malta,666
292,Derek Morgan,lgreen@bryan.com,2024-03-06,Svalbard & Jan Mayen Islands,3370
293,Heather Fitzgerald,zachary47@taylor.info,2021-09-05,Vanuatu,4254
294,Calvin Duran,wardjeffrey@yahoo.com,2020-11-23,Cook Islands,9148
295,Joshua Keller,qvalenzuela@yahoo.com,2022-04-10,Andorra,5156
296,Lisa White,collinsgordon@gibson.net,2024-07-17,Mauritius,6011
297,Jamie Barnes,yolandabraun@gmail.com,2024-03-05,Saint Helena,9297
298,Allison Rodgers,millermelissa@hubbard.com,2022-06-27,United States of America,688
299,Cory Brown,jessicajacobson@moses-downs.net,2022-11-20,Ukraine,9954
300,James Williams,blackwelljoann@hernandez-harris.org,2020-11-08,Venezuela,8101
301,Rachel Christensen,apeterson@yahoo.com,2022-07-24,Sudan,7514
302,Sergio Wallace,zlambert@yahoo.com,2019-11-17,Croatia,7134
303,Michelle Mullins,rstevenson@gmail.com,2021-04-11,Lesotho,6102
304,Willie Weber,boothjoseph@martin.com,2023-11-07,Vietnam,8813
305,Warren Wilson,warnervirginia@sharp.com,2024-07-18,Cote d'Ivoire,2921
306,Holly Davis,matthewmacdonald@gmail.com,2021-08-29,Serbia,3405
307,Jill Mitchell,glarsen@mckee.com,2022-02-06,Somalia,6153
308,Caroline Benitez,websterrandy@gmail.com,2021-05-11,Guam,9619
309,David Rivera,murphytimothy@yahoo.com,2022-04-13,Ecuador,4768
310,Miguel Cooper,castrosherry@conner.com,2020-12-15,Saint Pierre and Miquelon,145
311,Latoya Frazier,moodylori@yahoo.com,2023-09-27,Finland,2268
312,Scott Lamb,andersonlori@yahoo.com,2022-04-16,Netherlands,2474
313,Robert Smith,robertjohnson@gmail.com,2024-09-01,Sri Lanka,4446
314,Angela Hancock,rebeccaunderwood@yahoo.com,2020-11-17,Puerto Rico,5462
315,Heather Garza,allenjames@cordova.biz,2022-07-24,Estonia,5529
316,David Kerr,morgan63@mcgee.biz,2022-08-15,Croatia,6016
317,Kristine Carter,jessicacampbell@gomez.com,2022-04-28,Sudan,1535
318,Zachary Carey,estradarebecca@gmail.com,2021-05-03,Vanuatu,5541
319,Blake Rhodes,robinsonjulia@moran.com,2020-03-02,Tunisia,584
320,Paula Lewis,pjones@wheeler.info,2021-06-14,Maldives,675
321,Patrick Bradley,meghan09@rios-kline.com,2024-09-11,Gabon,4417
322,Jason Jones,lori49@gmail.com,2022-10-01,Argentina,2684
323,Sara Harper,reynoldslori@hotmail.com,2023-09-17,French Polynesia,2448
324,Casey Berry,barnettlauren@long.com,2021-08-17,Pakistan,9559
325,Amanda Williams,george60@hotmail.com,2022-06-20,Niue,4743
326,Curtis Palmer,ericaperry@hotmail.com,2020-02-29,Taiwan,5913
327,Gina Luna,austinwilson@rivera-torres.com,2021-04-16,Montserrat,6468
328,Desiree Landry,ymartin@ortiz.com,2024-07-09,Niue,8986
329,Marcus Cervantes,jasonross@armstrong.net,2020-09-12,Cape Verde,2124
330,Elizabeth Flores,amyscott@taylor-robertson.info,2022-01-20,Slovakia (Slovak Republic),4807
331,Timothy Brown,james14@watson-carter.com,2020-09-02,Guinea-Bissau,1882
332,Thomas Hall,ginamartinez@ortega-cordova.com,2023-01-29,Anguilla,7832
333,Maureen Nichols,linda38@doyle-roach.com,2024-01-04,Jamaica,3927
334,Heather Hernandez,jessica42@lam-wright.net,2024-09-09,Portugal,790
335,John Lee,sarah12@yahoo.com,2022-09-29,Macedonia,5044
336,Timothy Murray,lorraine47@gmail.com,2022-03-02,Aruba,2942
337,Robert Ford,hinesmisty@carter.biz,2024-09-19,French Polynesia,8569
338,Dr. Kylie Powell,jeremy32@hotmail.com,2020-09-04,Zambia,1161
339,Larry Phillips,ryanhernandez@hotmail.com,2021-05-06,Guam,4958
340,Matthew Johnson,palmercatherine@garcia.net,2020-08-21,Saint Pierre and Miquelon,6605
341,Kelly Wolfe,matthew91@gmail.com,2020-02-09,Norfolk Island,5382
342,Deanna Page,jorge17@johnson.info,2022-02-23,Serbia,4902
343,Jeremy Cooper,lisacross@yahoo.com,2022-12-12,Cook Islands,6794
344,Vincent Carpenter,bleon@hotmail.com,2020-10-07,Germany,1780
345,Charles Conley,tamara53@miller.com,2019-12-07,Bahrain,1628
346,Mark James,asmith@armstrong.com,2020-07-15,Heard Island and McDonald Islands,9188
347,Mary Hancock,larry58@yahoo.com,2023-12-26,Vanuatu,7883
348,Samantha Rowe,joycemccarty@taylor.org,2024-07-07,Bermuda,7766
349,Molly Mendez,vfoster@hotmail.com,2024-03-19,Nigeria,5522
350,Emma Boyd,angela69@todd.biz,2021-12-31,Micronesia,5630
351,Nancy Nicholson,shannon19@yahoo.com,2022-07-02,Portugal,2036
352,Jeffrey Peterson,randallwendy@wall-garcia.com,2024-08-11,Peru,7849
353,Taylor Smith,qrodriguez@gmail.com,2024-01-03,Saint Vincent and the Grenadines,1900
354,Scott Robertson,sierramorales@yahoo.com,2023-10-24,Gambia,8154
355,Peter Johnston,petersonchristopher@yahoo.com,2023-08-21,Estonia,6988
356,Diana Rangel,andreagibson@alvarez-miller.com,2024-06-16,Austria,619
357,Heather Atkins,reyesmatthew@yahoo.com,2023-10-22,Aruba,4946
358,Elizabeth Middleton,gallowaymichael@gmail.com,2023-07-29,Switzerland,5489
359,Heather Gilbert,ksmith@gmail.com,2022-09-17,Djibouti,2550
360,Martin James,nguyenerika@yahoo.com,2021-11-18,Croatia,2728
361,Julie Dominguez,bakerderrick@gmail.com,2021-12-12,Jamaica,9248
362,Patricia Carpenter,timothy54@hall-singh.com,2023-07-08,Maldives,6153
363,Megan Reyes,jenniferwilson@johnson.net,2022-06-02,Canada,1424
364,Daisy Vasquez,qwhite@gmail.com,2020-01-31,Guyana,1078
365,Elizabeth Charles,jeremy00@hotmail.com,2020-08-10,Burkina Faso,1387
366,Linda Kline MD,sophiamoore@hernandez.biz,2023-01-24,Andorra,3244
367,Gregory Elliott,briannasmith@peterson-downs.com,2022-11-11,Bahrain,3621
368,Isaac Sosa,jasonwarren@hotmail.com,2020-11-26,Wallis and Futuna,1001
369,Rachel Rodriguez,michaelmcdonald@lopez-barnes.com,2022-06-15,Canada,6304
370,Richard Rogers,laura45@gutierrez.com,2021-02-04,Mozambique,128
371,Kristopher Hopkins,diazanthony@novak-bradley.com,2020-03-14,Iceland,1606
372,Michael Jordan,fmendez@greene-mcgrath.biz,2020-04-10,Georgia,6452
373,Scott Flores,barbaraprice@hotmail.com,2020-10-28,Equatorial Guinea,9117
374,Tanner Kramer,glin@gmail.com,2022-05-31,Mongolia,8503
375,Katherine Taylor,alexis49@chung-perez.com,2021-08-19,Timor-Leste,4748
376,Jasmine Dalton,rachelprice@booth.info,2020-11-26,Antarctica (the territory South of 60 deg S),7348
377,Jennifer Carey,lauren47@yahoo.com,2023-02-18,Russian Federation,8005
378,Daisy Wilkinson PhD,tylerdavid@doyle.biz,2021-06-24,Mali,9582
379,Scott Garcia,edwardclark@gmail.com,2021-02-24,Guatemala,3559
380,Kenneth Lloyd,martinezsarah@mitchell.com,2020-09-03,Isle of Man,6931
381,Micheal Hoffman,yusharon@gmail.com,2020-01-04,Guam,1370
382,Lisa Norton,colemanstefanie@watkins.net,2022-09-06,Tuvalu,6034
383,Wendy Williams,zcolon@watson.net,2023-02-24,Mauritania,3606
384,Michelle Garcia,marcuspeters@williams.com,2022-10-09,Cote d'Ivoire,4274
385,Laura Brewer,matthewgarcia@hotmail.com,2020-12-03,Faroe Islands,9588
386,Matthew Beltran,ngraham@horne.biz,2021-08-02,Madagascar,2729
387,Paul Cox,william79@gmail.com,2024-07-27,Austria,7065
388,Mary Baker,garciamark@campbell.com,2024-08-10,Bahrain,3144
389,John Knox,johnwilliams@brown.biz,2021-11-10,Cuba,5873
390,Anne Thompson,colejames@hotmail.com,2023-10-21,Estonia,1884
391,Cheryl Chavez,marisapowell@baker-jackson.org,2024-05-12,Liechtenstein,1046
392,David Mckee,torresmolly@gmail.com,2023-02-13,Czech Republic,452
393,Ethan Ward,wpennington@armstrong.net,2019-12-11,San Marino,8614
394,Jason Hanson,dawn86@gmail.com,2023-05-03,Falkland Islands (Malvinas),7399
395,Amanda Morgan,desiree19@reese.com,2024-08-17,Saudi Arabia,3304
396,Christy Carpenter,rodriguezdavid@gmail.com,2024-06-22,Dominican Republic,1948
397,Thomas Sloan,brentmoreno@gmail.com,2021-09-12,Bulgaria,8144
398,Timothy Ellis,morganbolton@hamilton.info,2023-05-02,Equatorial Guinea,6520
399,Cheryl Johnson,jackieharmon@gmail.com,2020-03-01,Turkey,4202
400,Kevin Wade,kendra83@gmail.com,2022-04-19,Tokelau,3395
401,Cynthia Middleton,michellehamilton@yahoo.com,2022-12-29,Gibraltar,689
402,Victoria Greer,kevin13@hahn-martin.com,2023-04-25,South Africa,3537
403,Ryan Hill,lroy@yahoo.com,2023-07-02,Philippines,2397
404,Christopher Martinez,alan63@gmail.com,2021-02-20,Solomon Islands,1714
405,Jeffery Jacobson,adamsthomas@hotmail.com,2019-11-17,United States of America,3243
406,Chris Jensen,rachelhardy@taylor-carter.info,2021-11-08,Northern Mariana Islands,7510
407,Charles Lee,jacobsonanthony@turner-fox.biz,2023-09-23,Sri Lanka,6193
408,Patricia Jackson,boydmichael@johnson-gregory.info,2024-02-01,Djibouti,5925
409,James Reynolds,nmartin@hotmail.com,2020-09-09,Tokelau,8952
410,Anna Robinson,joshua90@yahoo.com,2022-02-16,Ukraine,2479
411,Michael Mcbride,stevensandrew@wright-strong.com,2024-03-27,Christmas Island,1716
412,Jessica Marquez,cassie89@brown.org,2022-11-25,Sudan,9768
413,Robert Hardy,alicia52@gmail.com,2023-07-05,Martinique,7993
414,Nicholas Archer,robert84@bell.com,2024-03-05,Spain,2431
415,Amy Douglas,estevens@garcia.biz,2021-04-29,Ireland,9239
416,Tina Cooper,donald97@hotmail.com,2022-06-04,United States Minor Outlying Islands,6650
417,Chelsea Wade,seancummings@ortiz.com,2022-03-03,Micronesia,6934
418,Anthony Richardson,manderson@hotmail.com,2022-04-24,Syrian Arab Republic,8539
419,Edward Williams,schwartzerica@yahoo.com,2023-04-27,Djibouti,8116
420,Debra Morales,jennifermurphy@hotmail.com,2020-02-11,India,5283
421,Jaime Rivera,ashleybradley@mueller-harris.com,2021-04-28,Korea,8166
422,Blake Hall,bmccoy@gmail.com,2022-03-17,Russian Federation,8169
423,Elizabeth Williams,todd19@lang.com,2021-08-29,Nicaragua,3309
424,Rebecca Howard,kyleyang@gmail.com,2020-05-02,Togo,8893
425,Jessica Gonzalez,runderwood@sullivan.com,2024-03-21,Korea,9990
426,Jason Humphrey,christophersaunders@hotmail.com,2022-08-26,Korea,3584
427,Michelle Byrd,mooretiffany@hotmail.com,2022-04-05,Tanzania,159
428,Tara Lawrence,ruizjennifer@hotmail.com,2024-06-20,Haiti,5574
429,Lisa Pearson,cford@thomas.com,2021-12-10,Oman,5214
430,Laurie Hendrix,thompsonadam@hotmail.com,2024-09-22,Saint Lucia,5272
431,Melissa Medina,aramirez@hotmail.com,2023-06-15,Guinea,581
432,Anthony Buck,rodneydonaldson@williams.info,2021-07-17,Brazil,8603
433,Albert Wells,smithstephanie@gill-krause.com,2021-10-15,Norway,2430
434,Joshua Smith,privera@gmail.com,2020-04-12,Tunisia,4208
435,Amber Brown,qtate@snyder.net,2021-01-11,Belgium,9872
436,Fernando Boyd,annchoi@wright.com,2023-04-13,Turkey,2554
437,David Hernandez,lmartinez@gmail.com,2023-03-26,Wallis and Futuna,6209
438,Krystal Velazquez,karenbrown@gmail.com,2019-12-10,Djibouti,9551
439,Erin Mccoy,jonathan01@hall-nelson.org,2020-09-11,Uganda,4823
440,Bruce Cox,brian64@yahoo.com,2022-02-19,Trinidad and Tobago,7707
441,Brenda Rogers,colemanamanda@martin.org,2021-09-28,Tajikistan,1087
442,Donna Thornton,garrettjason@hotmail.com,2024-07-23,Cook Islands,1386
443,Kathy Mcintyre,theresa95@higgins-terry.org,2019-12-19,Suriname,8462
444,Nicole Holland,paul53@rosales.biz,2023-01-20,Russian Federation,645
445,Diane Weiss,carlosbennett@white.com,2022-12-20,Pakistan,1087
446,Ryan Hartman,eric57@morgan-michael.com,2022-07-01,Japan,3687
447,Wendy Byrd,roberthendrix@yahoo.com,2022-06-15,British Virgin Islands,2138
448,Stephen Thomas,elizabeth14@yahoo.com,2020-03-02,Bhutan,665
449,Shelley Hester,gibsoncameron@harris.org,2021-06-09,Guinea-Bissau,4922
450,Edward Ramirez,christina52@miller-estrada.net,2020-12-28,Palestinian Territory,250
451,Zachary Lambert,brookschristopher@yahoo.com,2019-10-25,Zambia,7349
452,Anthony Rodriguez,ortizmelissa@hotmail.com,2024-07-31,United States Virgin Islands,5416
453,James Kane,sarahlarson@terrell-chavez.com,2024-01-20,Seychelles,2632
454,Jordan Gilmore,mary75@hotmail.com,2024-05-20,Palau,2438
455,Paige Johnston,ewashington@coleman-hines.com,2020-01-09,Saint Martin,7548
456,Nancy Reyes,nicholsstacy@osborne.com,2024-04-17,Martinique,6083
457,Jessica Dorsey,patrick19@nicholson-hernandez.biz,2024-04-22,Liechtenstein,8273
458,Deborah Howard,wkelly@yahoo.com,2021-12-23,Albania,6262
459,Jimmy Lewis,brookssandra@gmail.com,2024-09-29,Jamaica,8680
460,Dr. Lori Dennis,darren34@gmail.com,2021-07-30,Gabon,8231
461,Christine Young,kelly23@hotmail.com,2024-03-08,Lithuania,550
462,Carlos Davidson,parkerscott@gonzalez-shah.com,2022-08-27,Gambia,9402
463,Raymond Powell,shannon62@hotmail.com,2023-08-14,Cote d'Ivoire,1485
464,Jason Woodward,ybrown@yahoo.com,2022-09-03,Nigeria,8486
465,Johnny Davidson,boltonmarie@hotmail.com,2022-03-02,Pakistan,9832
466,Loretta Richard,reedsean@hotmail.com,2023-04-07,Mauritius,1251
467,Joshua Walsh,sampsonthomas@hotmail.com,2023-05-18,Cyprus,6985
468,Amy Torres,ginawagner@dunn.com,2022-08-24,Austria,3376
469,Nicholas Hernandez,rwright@navarro.com,2021-11-08,Uzbekistan,4745
470,Teresa Stevenson,lisa39@nguyen.com,2021-07-13,Syrian Arab Republic,8772
471,Christopher Norris,saundersjennifer@johnson.com,2023-08-02,French Guiana,9807
472,James Walker,escobarmark@yahoo.com,2022-11-23,British Indian Ocean Territory (Chagos Archipelago),6845
473,Patricia Thomas,zrose@yahoo.com,2024-04-18,Canada,7900
474,Rita Jones,bradley38@chandler-hansen.com,2024-01-14,Romania,6366
475,Julie Schroeder,gutierrezronald@hotmail.com,2024-07-05,Ecuador,9952
476,Bobby Fritz,deborah77@gmail.com,2024-09-20,Myanmar,9607
477,Joshua Kramer,conleyjennifer@yahoo.com,2022-09-17,Kuwait,3826
478,Donald Brown,laurasnyder@hotmail.com,2022-04-27,Norfolk Island,335
479,Caitlin Jones,stevemartinez@gomez.com,2023-04-02,Somalia,3
480,Michelle Munoz,bmccarty@ryan-wilson.net,2022-04-19,Tonga,2981
481,Ashley Mccormick,kyliebates@peterson.com,2022-12-24,Switzerland,4955
482,Travis Zimmerman,sandra97@bryant.org,2022-06-12,Jersey,8304
483,Connor Castillo,simpsonaaron@martin.com,2020-10-15,Thailand,9343
484,Joseph Smith,davidatkins@hotmail.com,2021-09-03,Peru,4169
485,Brian Gonzalez,bookershelly@montgomery.com,2021-12-02,Vietnam,5450
486,Joseph Madden,mary99@gmail.com,2022-06-30,Fiji,1075
487,Taylor Walsh,sarah33@mcgee.info,2022-12-25,Bahamas,8085
488,Lisa Smith,pattersonedward@jones-lee.org,2023-08-01,Honduras,4292
489,John Hill,travis59@sandoval.org,2023-10-04,Kazakhstan,4961
490,Sergio Gordon,blakeperez@yahoo.com,2024-01-24,Falkland Islands (Malvinas),6685
491,Theresa Richardson,sharonlopez@weber.com,2020-07-04,Cyprus,6294
492,Linda Rodriguez,courtney27@yahoo.com,2023-08-28,Cyprus,6286
493,Leah Wise,romanmartha@jones.biz,2022-05-04,Costa Rica,1020
494,Brian Sanchez,johnny01@stephens.com,2020-11-25,Belize,2683
495,Curtis Montgomery,davidgonzalez@simpson.com,2019-10-08,Ireland,2086
496,Laura Anderson,umclean@stephens.com,2021-09-06,Nicaragua,3914
497,Mr. Anthony Gutierrez DDS,fernandezjames@gmail.com,2019-12-31,Greece,4703
498,Sharon Farmer,ashley23@hotmail.com,2019-11-25,Lebanon,5472
499,Micheal Griffin,adrian95@yahoo.com,2020-07-13,American Samoa,909
500,Stephanie Henson,christophercooke@blair-mclean.com,2021-08-29,Sri Lanka,588
501,Amanda Larsen,cassandra97@gmail.com,2024-04-12,Switzerland,7886
502,Lisa Freeman,melissa03@yahoo.com,2022-09-26,Switzerland,6846
503,Jason Foster,olivia98@kirk.org,2019-11-10,Saint Helena,2308
504,Zachary Wright,karareilly@bass.com,2022-04-13,Palau,8058
505,Michael Miller,josephjohnson@yahoo.com,2024-08-29,French Southern Territories,9862
506,Rebecca Scott,alicia44@yahoo.com,2023-11-19,Bouvet Island (Bouvetoya),1337
507,Jennifer Cherry,joshuawatson@ramos.biz,2021-07-18,Singapore,2480
508,Sarah Davis,lcollins@collier.com,2020-05-12,Philippines,5779
509,Rachel Peck,wayne17@yahoo.com,2023-12-21,Lao People's Democratic Republic,6736
510,Amy Daniels,christine28@gmail.com,2020-03-05,Korea,576
511,Tonya Brandt,campbellpaul@reed-vargas.info,2020-11-07,Israel,7639
512,Andrew Murray,barajasstephanie@yahoo.com,2020-11-10,Saint Martin,6335
513,Amanda Gonzalez,john71@hotmail.com,2023-11-25,San Marino,7518
514,Christopher Gordon,jeffreymedina@watson.com,2022-05-24,Congo,770
515,Kayla Nolan,keith41@hotmail.com,2020-03-31,Afghanistan,1662
516,Laurie Underwood,ryandavid@shepard.org,2023-11-23,Wallis and Futuna,7715
517,Matthew Larson,erikapineda@hotmail.com,2022-10-18,British Indian Ocean Territory (Chagos Archipelago),2480
518,Sandy Hernandez,storres@gmail.com,2022-09-04,Costa Rica,331
519,John Beasley,nprice@wong-ford.com,2023-06-08,Honduras,531
520,Nicholas Barry,ashley07@hancock.com,2019-12-29,American Samoa,9802
521,Stephanie Jones,martin04@garcia-russell.com,2021-07-03,Puerto Rico,2174
522,Rachel Martin,cedwards@hotmail.com,2021-01-05,Suriname,5306
523,Nancy Campbell,kristinmercer@delgado.biz,2024-08-16,Grenada,1725
524,Sheri Vasquez,derekscott@lang.com,2022-09-22,Guam,8997
525,Courtney Mckay,irwinwyatt@stephens.com,2023-02-11,Latvia,5679
526,Roberto Payne DDS,blacksteven@oliver-oconnor.com,2020-06-27,Bhutan,3194
527,Maria Perez,stevensalicia@anderson-young.com,2020-01-10,Guam,6281
528,John Benjamin,marcus46@gmail.com,2023-12-04,Uruguay,8033
529,Emily Bell,cowandavid@gmail.com,2021-01-22,Marshall Islands,1818
530,Rebekah Allen,barrettronald@flowers-woods.com,2022-01-29,Reunion,985
531,Erin Kramer MD,joycelawrence@collier.com,2022-01-02,Turks and Caicos Islands,9996
532,Sarah Luna,paula33@jensen.com,2020-06-10,Estonia,7654
533,Teresa Daugherty,erika46@yahoo.com,2021-05-31,Niue,5535
534,Rebecca Andrade,leroysosa@gmail.com,2024-04-03,Brunei Darussalam,2036
535,Mr. Jeremy Baldwin,mmiller@wilkins.biz,2024-05-29,Greece,4855
536,Amanda Stafford,oholt@gmail.com,2023-04-15,Tonga,2082
537,Kathryn Atkins,elizabethyang@irwin.com,2024-09-23,Brazil,6351
538,Mariah Lee,matthewrose@miller-lawrence.com,2023-01-22,British Virgin Islands,4813
539,Amy Carney,jennifer21@yahoo.com,2022-10-03,Finland,1991
540,Matthew Webster,martinezerik@schmitt.net,2021-04-10,Serbia,8503
541,Steven Velazquez,vhernandez@williams.com,2021-12-19,Greenland,3098
542,Oscar Long,yolanda46@stewart.com,2023-12-15,Saint Helena,625
543,Matthew Clark,burtonjeffrey@lee.info,2023-10-28,Nicaragua,6422
544,Laura Barnes,thorntonmichael@parker.com,2024-06-30,Jordan,7283
545,Kimberly Lewis,andersonmark@gmail.com,2020-11-09,Palau,6087
546,Brian Cummings,nicholasvaughan@torres.org,2024-02-01,Moldova,3120
547,David Smith,monica99@gmail.com,2024-02-06,Nepal,7462
548,Ethan Jackson,mmoore@phillips.com,2021-12-13,Korea,5841
549,Dr. Daniel Henson,cturner@gmail.com,2024-05-17,Italy,1234
550,James Martinez,nicoledalton@gmail.com,2024-01-05,Philippines,731
551,Mitchell Kelly,ryan07@salas-nelson.org,2022-02-14,Hungary,655
552,Lori Smith,stewartcathy@mcdonald.biz,2020-04-09,Guinea-Bissau,7965
553,Kathy Whitney,mhudson@hotmail.com,2020-09-10,Norfolk Island,4184
554,Christopher Sandoval,donald91@yahoo.com,2023-06-16,Gabon,436
555,Lisa Jimenez,alexanderlawson@hotmail.com,2022-05-16,Bhutan,8520
556,Paul Oconnor,ukirby@gmail.com,2020-04-03,Bosnia and Herzegovina,9326
557,Melody Sosa,perrycourtney@yahoo.com,2022-08-07,Russian Federation,9368
558,Charles Morgan,yolanda44@gmail.com,2023-04-07,Mozambique,3538
559,Lee Hall,igarrett@yahoo.com,2020-12-07,Yemen,3762
560,Adam Cox,rwalsh@shepard.com,2022-08-05,Bermuda,1531
561,John Torres,christopherwilson@yahoo.com,2022-01-26,Belize,8231
562,Leslie Hodge,pperry@hill-nelson.com,2021-03-29,Eritrea,8580
563,Eddie Hughes,qcross@gmail.com,2024-07-04,Ecuador,6883
564,Collin Ward,tayloradrian@yahoo.com,2023-07-15,France,8308
565,Krystal Miles,dianesmith@yahoo.com,2021-02-22,Anguilla,5002
566,Stephen Martinez,csaunders@yahoo.com,2023-06-22,Czech Republic,1858
567,Kevin Mendoza,helen68@crawford-hayes.org,2022-05-21,Belize,2386
568,Victor Mckee,ljones@yahoo.com,2019-12-13,Uzbekistan,6979
569,Brenda Pope,garrett52@gmail.com,2023-11-05,India,9273
570,Jacob Bryant,kimberly14@cochran-hardin.org,2021-07-09,India,6914
571,Justin Adams,phillipsamber@yahoo.com,2022-03-18,French Polynesia,1376
572,Michael Roberts,lindseyrodriguez@henderson-evans.com,2020-08-18,Svalbard & Jan Mayen Islands,1716
573,Sarah Mcdonald,roywang@yahoo.com,2023-04-26,Italy,6809
574,Kellie Ray,oallen@gmail.com,2023-08-16,France,1030
575,Justin Anderson,daniel10@gmail.com,2020-04-24,Montserrat,1625
576,Kendra Williams,kmosley@yahoo.com,2021-05-31,Djibouti,6802
577,Tiffany Carey,gonzalezcody@williams.com,2024-01-18,Guinea-Bissau,2558
578,Lynn Moore,shawnharris@moreno.org,2023-05-23,Mongolia,503
579,Terri Russell,autumnrivas@bender-martin.biz,2022-10-28,Norway,7319
580,Mary Roberts,grichards@hotmail.com,2021-08-31,Saint Kitts and Nevis,7062
581,Adam Cohen,nguyenkimberly@yahoo.com,2023-11-14,Norfolk Island,6832
582,Paige Campbell,wilcoxjacqueline@oneal.com,2020-07-02,Bhutan,493
583,Cheryl Turner,dixonsherry@gmail.com,2020-11-09,Papua New Guinea,8136
584,Jeffery Mann,clarkstephanie@yahoo.com,2024-07-29,Vietnam,5316
585,Robert Walker,stephenbrooks@gmail.com,2020-09-19,Gambia,4138
586,Mr. Michael Mccullough,dbryan@martinez.net,2019-10-14,Macao,1286
587,Kerry Johnson,warrenjeffrey@compton.com,2020-05-13,Ireland,5775
588,Michelle Thomas,taustin@moore-conley.com,2022-04-13,Reunion,1152
589,Jacqueline Walls,robertsims@sullivan.com,2021-03-10,Taiwan,1988
590,Matthew Villanueva,jacob72@bender.com,2022-11-24,Kuwait,5886
591,Crystal Anderson,jwarren@smith.com,2024-08-06,Hong Kong,481
592,Aaron Powell,steven57@washington.com,2022-10-03,Korea,5659
593,Antonio Gonzalez,hahnkendra@wilson.com,2023-10-28,Micronesia,5699
594,Corey Myers,bwashington@gonzalez-gonzalez.com,2024-02-23,Chad,2914
595,Peter Long,livingstonchristian@simpson.com,2021-07-01,India,163
596,Anthony Lawson,deanna54@gmail.com,2022-01-20,Bahamas,3776
597,Amanda Bailey,wendy23@hotmail.com,2021-05-02,Madagascar,5993
598,Lisa Montoya,rtaylor@gmail.com,2020-10-22,Panama,1155
599,Bradley Cole,thomasmichael@gmail.com,2020-02-15,United States Virgin Islands,9774
600,Scott Herman,wgreen@rodriguez.com,2023-03-04,Guam,2347
601,Ryan Lee,mcharles@gmail.com,2020-02-17,Fiji,3407
602,Heather Marks,rhonda30@gmail.com,2024-06-09,Faroe Islands,52
603,Ryan Ware,andrew51@hotmail.com,2022-11-16,Poland,3355
604,Joseph Richard,jonhunt@page-burgess.org,2022-01-02,Guatemala,2018
605,Scott Myers,mark66@yahoo.com,2021-09-28,Oman,117
606,Ashley Ramirez,mary28@gardner-miller.com,2021-02-22,British Indian Ocean Territory (Chagos Archipelago),4804
607,Joshua Peterson,michaelgarcia@hughes.com,2020-03-10,Albania,6047
608,Haley Knight,samantha89@gmail.com,2024-09-01,Iceland,403
609,Michael Schaefer,nancy60@gmail.com,2021-09-10,Jamaica,9909
610,Amy Davis,morganjanet@yahoo.com,2020-09-25,Bouvet Island (Bouvetoya),3815
611,Christopher Lee,michelle83@crosby.com,2024-01-05,Congo,2324
612,Ronald Clark,chadreed@gmail.com,2024-10-02,Tanzania,3063
613,Christopher Clark,chelsea36@hotmail.com,2020-12-09,Nauru,7439
614,Ricky Romero,clarkmichael@hotmail.com,2023-04-22,Equatorial Guinea,1841
615,Tyler Fitzpatrick,valerie19@hotmail.com,2020-01-11,South Africa,7810
616,Justin Webb,mdeleon@hotmail.com,2020-03-05,Heard Island and McDonald Islands,5643
617,David Rose,markmartinez@yahoo.com,2020-07-13,Faroe Islands,4230
618,Jennifer Garcia,marywagner@yahoo.com,2022-10-19,United Arab Emirates,2132
619,Anthony Lee,michelle47@patterson.net,2024-03-12,Mayotte,457
620,John Anderson,victoria98@hotmail.com,2020-01-14,Cote d'Ivoire,3409
621,Michael Edwards,zdean@gmail.com,2022-06-17,Cambodia,5934
622,Mark Martin,growe@doyle.org,2021-08-30,Martinique,5488
623,Jennifer Taylor,sandersnicholas@yahoo.com,2023-07-07,Monaco,7755
624,Regina Bowman,irodriguez@yahoo.com,2023-11-16,Kenya,4794
625,Daniel Thompson,david98@richards.info,2021-08-24,Czech Republic,4855
626,Julie Prince,kelly10@hill-williams.com,2023-10-28,Armenia,9063
627,Sandra Kennedy,diana76@hotmail.com,2022-02-06,Niger,5357
628,Wesley Miller,joshuarandall@ewing-medina.com,2024-05-17,Iraq,3015
629,Jose Johnson,whiterichard@gmail.com,2020-12-27,Paraguay,9716
630,Helen Juarez,dustin67@morris-horn.com,2021-11-17,Tuvalu,1323
631,Fernando Galloway,ucook@hotmail.com,2024-05-16,Suriname,1680
632,Jeremy Miller,sgonzalez@hotmail.com,2023-06-29,Cyprus,8736
633,Matthew Smith,dickersonvanessa@gmail.com,2024-02-19,Greenland,9516
634,Gregory Miller,cherrybrian@gmail.com,2024-06-10,Grenada,5042
635,Rebecca Oconnor,kristen93@smith.biz,2023-01-11,Kyrgyz Republic,2562
636,Kelsey Ramos,charles58@escobar-garcia.org,2019-10-05,Christmas Island,6170
637,Martin Moon,brownchelsea@yahoo.com,2021-04-12,Somalia,2407
638,Joyce Maynard,kimberly15@gmail.com,2023-12-17,Argentina,2051
639,Rachel Adams,watsonchelsea@holder.biz,2022-05-17,Chile,3650
640,Richard Mendez,athompson@yahoo.com,2021-06-01,Suriname,5175
641,Debra Little,sburke@hotmail.com,2024-09-14,Italy,8328
642,Regina Gray,vazquezjason@huang.net,2021-11-17,Liechtenstein,3978
643,Shelby Woods,andersonjessica@anderson-lutz.com,2024-08-07,Pitcairn Islands,3877
644,Kathryn Martin,scottmiguel@yahoo.com,2023-01-28,Uruguay,3013
645,Kelly Rosario,john64@hotmail.com,2023-07-25,United States of America,4768
646,Karen Hughes,cassandra25@yahoo.com,2024-08-28,Kuwait,6102
647,Spencer Parker,johnmartin@hotmail.com,2023-10-26,Vanuatu,6877
648,Victoria Buckley,rschultz@huang.com,2019-10-07,Panama,757
649,Shannon Garcia,stephensbobby@marquez-roberts.com,2024-07-01,Bolivia,2166
650,Justin Norris,knicholson@molina-smith.com,2020-06-24,Afghanistan,9850
651,Donald Khan,cgill@williams.com,2024-02-08,Norway,336
652,Jason Stewart,lesliesims@patel.info,2024-03-21,New Caledonia,6452
653,Jessica Palmer,zachary71@hotmail.com,2019-10-04,Pakistan,1276
654,Shelly Cooper,mercadobrandon@gmail.com,2020-08-06,Egypt,1199
655,Ronnie Johnson,ashleystewart@hotmail.com,2020-06-10,Azerbaijan,2163
656,Timothy Morris,wjimenez@hotmail.com,2020-02-25,Sierra Leone,6885
657,Brandon Peterson,anthony69@gmail.com,2022-10-15,Lao People's Democratic Republic,4905
658,Cynthia Carpenter,kendrastephens@ibarra.org,2021-04-09,Israel,9023
659,Mrs. Priscilla Turner,snyderdaisy@snow.com,2023-10-30,Burkina Faso,6828
660,Charles Beard,fredosborn@clark.com,2024-05-01,Slovakia (Slovak Republic),2331
661,James Little,dawsonalexandra@yahoo.com,2019-12-12,Seychelles,9684
662,Michele Mcdowell,charlesmarshall@yahoo.com,2023-01-16,Tanzania,6917
663,Michael White,gregory68@yahoo.com,2024-03-19,Sweden,4882
664,Richard Roberson,sara08@phillips-price.info,2023-12-23,Guinea-Bissau,5809
665,Karen Wagner,jerry34@jordan-ramirez.com,2019-12-19,Dominican Republic,1385
666,Jonathan Hart,qbrown@hotmail.com,2023-10-08,Trinidad and Tobago,4064
667,Michael Williamson,ryanedward@keller.com,2021-07-29,Eritrea,7287
668,Susan Hogan,juan43@hotmail.com,2023-04-21,Costa Rica,6049
669,Michael Romero,bridget34@jefferson.com,2024-03-17,Netherlands Antilles,8670
670,Katherine Ryan,kellyrobert@brooks.com,2022-02-18,Mauritania,947
671,Michael Ray,diazdavid@mcclure-jimenez.info,2022-11-14,Micronesia,6167
672,Brooke Foster,mcknightdonald@turner.org,2021-12-14,Czech Republic,6694
673,Joseph Solis,mary93@yahoo.com,2020-09-30,Norfolk Island,138
674,Mr. James Williams MD,fordlisa@hotmail.com,2022-07-16,Angola,6835
675,Jessica Dudley,csampson@gmail.com,2021-01-10,South Georgia and the South Sandwich Islands,5253
676,Paul Gates,medinasarah@benitez.com,2023-10-03,Mayotte,7230
677,Curtis Newton,anthony72@gmail.com,2022-09-06,Nigeria,3342
678,Mrs. Sarah Wong MD,williamszachary@gmail.com,2024-06-10,Barbados,6088
679,Michael Spencer,robinsonalex@santana.com,2023-10-11,Bhutan,4805
680,Shelby Blair,pwolf@gmail.com,2020-04-29,Ethiopia,7715
681,Karen Stanley,michelle94@gmail.com,2021-07-24,Suriname,1491
682,Crystal Smith,patricia70@hotmail.com,2022-11-14,Korea,3038
683,Amber Elliott,geraldburke@hotmail.com,2021-11-29,El Salvador,1779
684,Tiffany Nash,hsheppard@ingram.org,2022-01-05,Timor-Leste,4537
685,Jeremy Ortiz,olivia12@hotmail.com,2024-04-08,Tuvalu,1837
686,Lauren Cochran,isaac84@terry.com,2020-01-05,American Samoa,9145
687,Dale Clark,deborahmatthews@reed.com,2023-04-27,South Georgia and the South Sandwich Islands,9921
688,Timothy Hutchinson,wguzman@willis.com,2019-10-06,Ethiopia,2521
689,Kenneth Walton,felliott@gmail.com,2021-08-26,Heard Island and McDonald Islands,7309
690,Mr. Terry Jordan,spotts@yahoo.com,2020-07-21,Saint Vincent and the Grenadines,6533
691,Abigail Adams,virginiahiggins@yahoo.com,2024-08-11,Tunisia,3037
692,Alison Nunez,michaelrivera@hotmail.com,2020-04-12,Russian Federation,6909
693,Jeremy Ortiz,candice10@yahoo.com,2020-07-09,Thailand,7073
694,Cynthia Hodge,frankconner@gmail.com,2022-10-05,Sweden,2862
695,Amber Hernandez DVM,lwashington@simpson-johnson.com,2022-05-21,Greenland,4062
696,Rose Novak,sgordon@garcia-price.com,2020-06-11,Saint Helena,7429
697,Deborah Clark,christopher70@gmail.com,2020-05-17,Tajikistan,5576
698,Wendy Rodriguez,wwilliams@gmail.com,2024-08-28,Honduras,8574
699,Tyrone Howe,yjones@mueller.com,2023-07-24,Cote d'Ivoire,2335
700,Patrick Atkins,terrykevin@bridges-williams.net,2020-05-19,Timor-Leste,5822
701,Shannon White,sconner@murray.com,2024-09-26,Hungary,7576
702,Timothy Garcia,sierrasmith@yahoo.com,2024-03-31,Cyprus,1417
703,Alyssa Kane,taylorcharles@robinson-howell.com,2022-01-12,Suriname,7918
704,Sarah Mcdaniel,denise59@hotmail.com,2020-09-24,United Kingdom,3336
705,Cynthia Sellers,carlajones@gmail.com,2021-08-26,French Guiana,4828
706,Natasha Roberts,longjuan@lloyd.com,2020-09-18,Monaco,30
707,Andrew Rivers,fdavis@williams.com,2020-05-15,Bhutan,7357
708,Claudia Pena,igates@padilla-bailey.org,2019-11-05,Jordan,7569
709,Kevin Butler,adriansolis@yahoo.com,2023-02-19,Yemen,127
710,Samuel Henry,butlermark@gmail.com,2023-04-14,Gibraltar,3583
711,Matthew Manning,leslie39@gmail.com,2022-12-12,Botswana,4891
712,Robert Garza,alan29@cox-morse.com,2023-03-27,Saint Vincent and the Grenadines,1875
713,Tiffany Bailey,emma30@robertson-watts.com,2022-12-11,Togo,4934
714,Mark Johnson,scotthill@yahoo.com,2020-05-18,Martinique,8932
715,Charles Matthews,caitlinanderson@barker-davis.com,2024-08-29,Sweden,9980
716,Randall Anderson,john80@yahoo.com,2021-07-30,Guernsey,2559
717,Johnny Scott,josephtorres@taylor-nguyen.net,2020-06-28,Tonga,6950
718,Kathryn Li,elizabethphillips@hill.com,2022-05-15,Eritrea,7723
719,Jessica Barnes,tcole@alvarez.biz,2020-09-17,Jordan,1516
720,Jeremy Jackson,klee@hebert.com,2022-04-16,Somalia,8153
721,Joe Buck,joshua68@matthews-campbell.biz,2019-12-01,Congo,3807
722,Angela Mitchell,zavalasarah@schmidt.com,2024-09-08,Hong Kong,8908
723,Jamie Martinez,adamslindsay@crawford-lewis.com,2021-05-24,Slovakia (Slovak Republic),6640
724,Matthew Lewis,markparks@green.com,2023-06-25,Madagascar,4588
725,Jessica Reese,vegadaniel@yahoo.com,2024-08-02,Morocco,354
726,Marvin Bell,caseyhamilton@watkins-wilson.com,2022-07-28,French Southern Territories,1979
727,Teresa Massey,robert22@morgan.com,2022-03-10,Kazakhstan,4424
728,David Harrington,jacksonduncan@johnson-hayes.biz,2023-07-09,Madagascar,664
729,Francis Duran,edavis@yahoo.com,2021-06-03,Slovakia (Slovak Republic),4
730,Angela Bell,tneal@lopez-cantrell.info,2020-02-12,Germany,4203
731,Elizabeth Berry,brianjackson@nguyen-morrison.biz,2021-09-13,Congo,6527
732,Robert Gates,oneilljoseph@walker-harrington.net,2024-09-29,Panama,8619
733,Susan Bruce,qalexander@yahoo.com,2020-07-04,Taiwan,9529
734,Eric Hall,patriciajackson@small-hardy.net,2020-02-06,United States of America,6491
735,Steven Munoz,joshua96@jones.com,2021-08-13,Martinique,7284
736,Alicia Nguyen,jeremy81@washington-spencer.org,2024-07-28,Kazakhstan,1671
737,Julie Chan,wheelermariah@coleman.info,2021-07-07,Anguilla,4138
738,Jeffrey Lawrence,duncanjoshua@hotmail.com,2023-03-23,Brunei Darussalam,5797
739,Cheryl Archer,sdunn@leonard-caldwell.biz,2023-08-21,India,4643
740,Robert Brown,oscarstark@morris.net,2020-04-11,Haiti,3211
741,Jason Young,tracysingh@gmail.com,2024-05-18,Singapore,9755
742,John Cox,melissawhite@clark-porter.biz,2022-04-18,Ukraine,1396
743,Renee Martin,ibright@berry-mckee.com,2023-03-26,Serbia,580
744,Matthew Rose Jr.,ysteele@gmail.com,2020-12-13,Guernsey,1154
745,Angela Smith DDS,christopher23@russell.com,2023-05-18,Trinidad and Tobago,4300
746,Jamie Peters,mccormickdanny@schwartz.org,2024-09-09,Saint Pierre and Miquelon,5007
747,Samantha Mcclure,fsandoval@hotmail.com,2022-05-01,Holy See (Vatican City State),8743
748,Anthony King,justin24@hansen.com,2021-09-30,Kiribati,5568
749,Samantha Huang,connorfrench@dunn-dunn.com,2023-07-01,Uruguay,1936
750,Karen Hall,kaylagilbert@gmail.com,2023-05-15,Falkland Islands (Malvinas),8686
751,Kelsey Hood,jpage@yahoo.com,2022-12-20,Papua New Guinea,4080
752,Michelle Mcgee,vjones@jones-gutierrez.com,2023-02-24,Cocos (Keeling) Islands,2679
753,Jose Richards,abigail73@schultz-williams.com,2022-03-21,Mozambique,1115
754,Tanya Morse,heatherhill@yahoo.com,2020-03-31,Chad,6796
755,Grant Cook,debrarichardson@macias-johnson.com,2024-08-11,Mozambique,4746
756,Wyatt Peterson,gallowayjody@hotmail.com,2024-06-19,Taiwan,4632
757,Ryan Griffin,michele73@yahoo.com,2022-06-11,Anguilla,8516
758,Dr. Charles Carter,danielmartinez@hotmail.com,2023-04-09,Armenia,2202
759,Morgan Rhodes,martha71@gmail.com,2020-01-05,Holy See (Vatican City State),9404
760,Jennifer Lane,beckyjones@gmail.com,2022-01-25,Turks and Caicos Islands,8569
761,Sandra Roth,ywhite@hotmail.com,2024-09-18,Rwanda,3445
762,Richard Donovan,jonathan19@gmail.com,2023-07-14,Tunisia,8706
763,Brett Graves,michaelharmon@torres.com,2023-11-04,New Zealand,1725
764,Kevin Johnson,garciarobert@yahoo.com,2024-08-31,Guernsey,6730
765,Kenneth Patrick,james80@soto.net,2019-12-28,Tuvalu,8905
766,Christopher Ward,ayalarichard@hotmail.com,2023-09-09,Colombia,6609
767,Jackie Martin DVM,owensmary@gmail.com,2020-03-11,Sierra Leone,4564
768,Rodney Wall,melissagonzales@bradley.com,2020-10-17,Holy See (Vatican City State),4788
769,Lucas Garcia,boothgregory@snyder.com,2019-11-23,Saint Lucia,7247
770,Melissa Barber,martinezamanda@hotmail.com,2021-11-12,Nauru,6091
771,Maurice Hammond,sherri51@anderson-walker.com,2024-03-20,Mauritius,9309
772,Kevin Cantu DDS,lhernandez@yahoo.com,2022-09-17,Burkina Faso,2257
773,Amanda Jackson,stephanie53@yahoo.com,2024-09-21,Isle of Man,2573
774,Timothy Hanson,sarah24@gmail.com,2019-11-23,Tanzania,2020
775,Eric Rubio DDS,woodlinda@holland.biz,2020-07-28,Christmas Island,1974
776,Sarah Campbell,agutierrez@carey.com,2023-05-26,Ghana,6249
777,Jonathan Hinton,richard63@gmail.com,2020-10-02,Finland,6573
778,Anthony Edwards,kjones@gmail.com,2020-01-15,New Caledonia,9683
779,Jennifer Smith,craig66@brown-dominguez.com,2022-03-17,Micronesia,7666
780,Robert Dixon,jeremiahyoung@gmail.com,2020-06-20,Tonga,2286
781,Julie Johnson,monica66@cook.org,2019-10-27,Serbia,9168
782,Victoria Randolph,freyalexandra@munoz.biz,2021-05-30,Hong Kong,4898
783,Robert Brown,kyle22@hotmail.com,2019-12-31,Dominican Republic,5800
784,Maria Mccarty,samantha32@coffey-reid.biz,2022-08-03,Norway,7744
785,Kyle Durham,vschneider@williams.com,2023-10-13,Qatar,6801
786,Peter Robinson,george17@hotmail.com,2019-11-27,French Guiana,3571
787,Ruth Pineda,shernandez@price.com,2023-11-23,Holy See (Vatican City State),7810
788,Lori Smith,foleymelissa@yahoo.com,2022-07-15,Sierra Leone,8009
789,Rhonda Hoffman,jill15@lang.biz,2020-07-11,Netherlands,8217
790,Kayla Williamson,zjohnson@foster.com,2023-12-18,Singapore,5214
791,Carrie Jones,beth32@woods-nelson.com,2023-04-12,Bangladesh,8072
792,Taylor Roman,cheryl12@hotmail.com,2022-03-28,Somalia,986
793,Stephen Garza,victorweber@adams.net,2024-05-21,Sao Tome and Principe,7274
794,Kenneth Howell,pwright@jones-landry.biz,2021-04-24,Lao People's Democratic Republic,4918
795,Jeremiah Walker,psmith@kennedy.net,2024-05-11,Portugal,2339
796,Michelle Bowman,fkline@gmail.com,2023-12-28,Turkmenistan,8118
797,Thomas Harris,kennethwilson@hotmail.com,2024-05-17,Micronesia,858
798,Tiffany Rivera,robinmatthews@gmail.com,2024-02-05,Germany,3534
799,Kelly Andrews,garciathomas@hotmail.com,2021-07-27,South Africa,418
800,Anne Hunt,paula75@sanders-webb.com,2023-06-10,United Arab Emirates,5822
801,Dawn Lee,debranovak@pineda-parks.info,2021-11-27,French Southern Territories,7725
802,Wendy Murphy,andre23@bell.com,2020-06-08,Iceland,6405
803,Debbie Reed,vcraig@bradley.com,2020-07-23,Aruba,165
804,Tommy Porter,vgilmore@hamilton-vincent.com,2021-09-17,Bangladesh,8631
805,Pedro Small,lisalarsen@nunez-taylor.com,2020-10-20,Samoa,1088
806,Michelle Fuentes,paullong@bates-aguilar.biz,2020-09-04,Christmas Island,1333
807,Justin Powell,nicholas96@hodges.com,2024-07-24,Andorra,6473
808,Dustin Gibson,davidwilson@gmail.com,2023-02-22,Bulgaria,105
809,Krystal Mcclain,josephclark@gmail.com,2024-01-16,Guyana,5919
810,Cynthia Gross,carol84@hotmail.com,2023-02-18,Yemen,674
811,Caleb Harmon,ortegaclayton@yahoo.com,2023-06-09,Nauru,1903
812,Mark Ortiz Jr.,ellisjustin@yahoo.com,2023-09-12,Indonesia,61
813,David Summers Jr.,catherine93@hotmail.com,2021-08-25,Netherlands Antilles,4429
814,George Drake,bgutierrez@mills-taylor.com,2020-05-25,Northern Mariana Islands,4792
815,Lauren Watts,justin68@gmail.com,2024-01-08,Taiwan,3714
816,Crystal Martin,codymitchell@johnson-garcia.biz,2022-03-03,New Zealand,2304
817,Erika Garcia,roachgabriel@hotmail.com,2019-12-09,Papua New Guinea,9385
818,Mr. Tyler Henderson,itucker@yahoo.com,2020-04-30,Thailand,4717
819,Jeffrey Browning,andrea42@yahoo.com,2019-10-29,Svalbard & Jan Mayen Islands,3132
820,Steve Curtis,crawfordamanda@wood.org,2023-09-01,Slovakia (Slovak Republic),1727
821,Donald Singh,hodgefrancisco@yahoo.com,2020-11-29,Niger,7110
822,Jordan Lloyd,thomasjones@ramirez-williams.net,2022-07-19,Macedonia,7551
823,William Campbell,elliottyolanda@yahoo.com,2020-12-22,Saint Lucia,5409
824,Joan Burke,snyderdavid@gmail.com,2020-03-05,Sri Lanka,6293
825,Andrew Gray,masonkeith@robertson.biz,2020-12-14,United Kingdom,2756
826,Angela Bird,laurenknight@gmail.com,2023-08-31,Philippines,5418
827,Heather Jenkins,williampatel@ward.com,2021-07-19,Faroe Islands,6909
828,Brian Kelly,daycarol@mclaughlin-nelson.org,2023-10-27,Germany,7131
829,Brian Gilbert,angelalopez@rhodes.com,2020-04-05,Comoros,2425
830,Michelle James,angela02@gmail.com,2021-06-08,Pitcairn Islands,7328
831,Kenneth Ellis,rubionancy@hotmail.com,2020-02-17,Heard Island and McDonald Islands,2416
832,David Davis,edwardjordan@hotmail.com,2022-01-24,Moldova,8587
833,Amy Larson,jacob58@yahoo.com,2023-10-13,Cote d'Ivoire,5178
834,Timothy Wood,zlopez@gmail.com,2021-10-11,Congo,2117
835,Adam Patterson,simonmary@hotmail.com,2022-03-19,Nicaragua,3422
836,Ryan Davis,ingramchris@gmail.com,2020-12-07,Georgia,3060
837,Miguel Reynolds,popeabigail@hotmail.com,2022-04-29,Nicaragua,7276
838,Madeline Scott,shawn01@matthews.com,2024-01-08,Holy See (Vatican City State),5720
839,Mr. Dillon James DVM,ztaylor@huffman-hancock.com,2024-03-27,Tokelau,6371
840,Michael Anderson,chambersnicholas@robinson-cole.com,2024-04-11,Cameroon,7000
841,Robert Blair,xcastillo@reid.com,2023-04-25,Oman,8060
842,Sarah Johnson,jasonmorrison@gmail.com,2023-02-11,Azerbaijan,6382
843,Allison Romero,andrea71@hotmail.com,2024-09-18,Andorra,3607
844,Lawrence Cisneros,tharper@flores.com,2022-08-31,Suriname,3214
845,Lindsay Alexander,xjohnson@butler.com,2020-11-13,Norway,7197
846,Dr. Thomas Turner,kristenbest@hotmail.com,2022-03-12,Rwanda,3346
847,Angela Shea,fbarton@jones.com,2020-05-12,Ethiopia,9609
848,Nicholas Gordon,kristy09@moore.com,2021-05-04,French Guiana,815
849,Kenneth Franklin,marknguyen@harrell.com,2024-08-01,Ghana,6362
850,Eileen Thomas,rowlandjonathan@gmail.com,2022-11-20,Venezuela,545
851,David Cole,jacob19@bell.com,2020-07-10,Guadeloupe,3834
852,Roger Aguilar,jonesdeborah@jones.com,2024-06-02,Guyana,1387
853,Angela Solis,caitlyn96@gmail.com,2023-09-22,Aruba,3059
854,Patrick Jones,felicia14@gmail.com,2020-05-25,Cameroon,5957
855,Courtney Williams,patrickjames@gmail.com,2024-08-29,Cameroon,933
856,Claudia Wright,christianmoore@caldwell.com,2023-09-02,Guinea-Bissau,2840
857,Rebecca Jackson,deborah48@yahoo.com,2021-09-10,Western Sahara,3818
858,Alan Hayes,davidwood@gmail.com,2020-06-20,Ethiopia,4874
859,Juan Vasquez,cfrazier@yahoo.com,2022-10-16,Antarctica (the territory South of 60 deg S),1419
860,Daniel Daniel,ericrobles@cole.biz,2022-05-06,Namibia,8390
861,Madison Wilkinson,usimon@hotmail.com,2021-03-25,Russian Federation,4660
862,Steven Davis,daviddalton@gmail.com,2023-10-28,Cape Verde,5784
863,Cassandra Little,christianortiz@bates.com,2023-06-09,Djibouti,6740
864,Randy Moreno,wolfegregory@hotmail.com,2022-06-11,French Guiana,7508
865,Leon Pham,julie72@hotmail.com,2021-11-14,Macedonia,883
866,Mark Hawkins,hilljennifer@gmail.com,2019-12-06,Venezuela,8456
867,Karen Mcdaniel,rileybishop@gmail.com,2023-04-17,Senegal,8965
868,Jacob Brooks,cassandra36@kaiser.com,2020-12-26,Honduras,7055
869,Brian Rasmussen,petersmith@brown.com,2023-10-04,Saint Lucia,9518
870,Kenneth Ochoa,barryjonathan@yahoo.com,2024-01-29,Ethiopia,7448
871,Christine Carr,davisashlee@gmail.com,2023-05-19,Northern Mariana Islands,8031
872,Joseph Brown,echang@hotmail.com,2022-05-06,Tunisia,4173
873,Elizabeth Thompson,mcgeekimberly@phillips.org,2023-02-07,Slovenia,7793
874,Andrew Reynolds,pelliott@hotmail.com,2022-08-26,Malaysia,3529
875,Candice Smith,jimmysmith@hotmail.com,2022-06-14,Congo,5524
876,Mr. Travis Mason DDS,clarkjason@smith.org,2022-07-18,Malawi,4356
877,Christina Lara,daniel60@hotmail.com,2023-01-30,Trinidad and Tobago,691
878,David Moore,terrifrank@yahoo.com,2022-09-30,Egypt,717
879,Eileen Martin,phayes@bradley-hernandez.com,2022-11-01,Sudan,861
880,Laurie Sullivan,victorwilliams@brown.com,2022-12-02,Philippines,2668
881,Nathan Cameron,seth73@brooks.biz,2020-08-08,Brazil,5731
882,Max Carson,orichmond@smith.com,2020-05-25,Monaco,63
883,Derrick Martin,jamescasey@ballard-wallace.com,2022-12-29,Estonia,4748
884,Arthur Garcia,murraymark@hotmail.com,2023-01-03,Greenland,116
885,Ryan Smith,smithjustin@bentley.com,2021-08-26,Jamaica,2300
886,Danielle Hart,qhaas@hotmail.com,2022-10-24,Saint Barthelemy,1043
887,Alfred Jacobs,ryan82@yahoo.com,2023-03-31,Iran,7008
888,Lisa Baker,kendra55@yahoo.com,2022-10-12,Kiribati,3639
889,Jessica Chang,kenneth39@hotmail.com,2023-11-12,China,9971
890,Sheila Hodges,imoore@cole.org,2023-02-18,Bulgaria,6496
891,Olivia Brown,jonathan85@coleman.com,2023-07-02,Antarctica (the territory South of 60 deg S),9138
892,Stephanie Ewing,stewartjessica@hotmail.com,2021-03-08,Norfolk Island,3620
893,Jennifer Simmons,elopez@yahoo.com,2022-07-09,Morocco,7433
894,Charles Perez,claytonwhitaker@yahoo.com,2019-10-14,Liechtenstein,3159
895,Jennifer Myers,uanderson@yahoo.com,2021-02-24,Philippines,5562
896,Nancy Cardenas,reyestheresa@harris.biz,2021-01-23,Central African Republic,9966
897,Amber Harris,michael28@alexander.biz,2023-03-09,United Arab Emirates,1676
898,Cameron Black,lopeztracy@yahoo.com,2020-01-04,El Salvador,9934
899,Nathan Johns,shieldswilliam@king.com,2022-04-05,Martinique,1402
900,James Campbell,jesse78@watkins.com,2020-02-16,Singapore,5226
901,Laura Dyer,qflores@sanchez.com,2020-04-24,Zambia,5290
902,Linda Lopez,greenkevin@yahoo.com,2020-07-08,Marshall Islands,8780
903,Kevin Ferguson,cdavis@yahoo.com,2020-03-03,Andorra,7466
904,Christopher Stafford,randymccarty@cardenas.org,2024-04-05,Portugal,5327
905,Samantha Buchanan,nbrown@burton.com,2021-04-19,Japan,4186
906,Amanda Ford,meyermichael@martin.info,2022-11-18,Brunei Darussalam,472
907,Jennifer Beard,uflores@guerrero.info,2024-06-05,Korea,8552
908,Zachary Hernandez,pachecobrittany@gmail.com,2022-12-05,Anguilla,726
909,Michael Richardson,yoderamber@yahoo.com,2022-01-29,Haiti,3115
910,Stephanie Snow,barbersarah@yahoo.com,2022-09-16,Italy,6040
911,Brian Delgado,teresa28@hernandez-perez.com,2020-10-14,Malaysia,1312
912,Lisa Sutton,yrodriguez@gmail.com,2021-02-10,Guernsey,3433
913,Charles Koch,scampbell@yahoo.com,2019-12-06,American Samoa,8593
914,Derek Khan,rgreene@yahoo.com,2021-10-21,Niue,5664
915,Dustin Reed,griffindebbie@yahoo.com,2021-11-17,Samoa,3076
916,Robert Shelton,sarah47@hotmail.com,2023-10-30,Nicaragua,3303
917,Tammy Barnes,mcknightlarry@robinson.com,2021-04-09,Bhutan,4116
918,Mr. Lawrence Kelly,utorres@yahoo.com,2020-01-18,Israel,4936
919,Jonathan Robinson,jlong@leonard-torres.com,2021-05-14,Canada,5115
920,Chloe Howell,hillricky@allen-thomas.com,2022-12-06,Holy See (Vatican City State),8468
921,David Buchanan,edwardstheresa@brown.com,2022-01-19,Vanuatu,6302
922,Susan Henson,gibbsjason@yahoo.com,2019-10-08,Cambodia,4172
923,Michael Rivera,debra58@gmail.com,2024-06-07,Mozambique,7898
924,Cynthia Jackson,williamsashlee@yahoo.com,2023-09-10,Dominica,5635
925,Jennifer Wallace,richardsharp@gmail.com,2023-12-05,Cyprus,3931
926,Shawn Miller,kellyjessica@miller.com,2020-12-26,Lebanon,729
927,Michael Nguyen,villajon@hotmail.com,2024-08-06,Macao,5010
928,Bryan Myers PhD,thomas37@wade.com,2020-12-27,Haiti,9043
929,Lisa Christian,andrewwhite@torres.com,2020-06-17,Taiwan,1185
930,Sara Robles,milleramber@browning.com,2022-10-16,Palestinian Territory,150
931,Abigail Duncan,cynthiatran@vega-dyer.com,2022-04-16,Liechtenstein,7551
932,Preston Ibarra,ofinley@gmail.com,2020-06-16,Cook Islands,8115
933,Katherine Thompson,gilmoresamuel@johnson.com,2021-11-27,Romania,7179
934,John Rojas,lisaprice@gmail.com,2024-04-02,Serbia,777
935,Crystal Brown,raysabrina@hotmail.com,2022-08-13,Venezuela,6752
936,Tracy Brooks,bartonandrew@saunders-estrada.net,2023-09-21,Guadeloupe,8086
937,Chris Lawrence,patriciafrank@yahoo.com,2023-05-24,Saudi Arabia,7545
938,Michael Werner,smithwhitney@hotmail.com,2024-02-09,Hungary,7210
939,Mary Walsh,joephillips@wilson.info,2022-01-02,Indonesia,1935
940,Jeffrey Bell,joseph19@montgomery-bailey.net,2024-05-24,Mauritania,1402
941,Timothy Reynolds,ruizrebecca@crawford-jackson.com,2022-04-03,Peru,1334
942,Steven Collins,brittanyhernandez@levine.com,2020-06-12,Belgium,3950
943,Michael Green,robertmiller@hardy.org,2023-11-13,Suriname,1617
944,Martha Harris,jdavis@harris.com,2023-09-06,Mozambique,2519
945,Logan Castro,fperkins@rose-jones.biz,2019-12-16,Trinidad and Tobago,6783
946,Carl Anthony,graytyler@henson-tran.org,2021-01-11,Seychelles,3497
947,Leon Price,lynn19@hotmail.com,2022-04-28,Guyana,7219
948,Caleb Smith,david83@gmail.com,2023-09-23,Norfolk Island,1263
949,John Travis,matthew35@martinez-jackson.net,2023-03-24,Mozambique,6994
950,Jesse Taylor,barnettdiana@stewart.com,2021-09-02,Montserrat,9158
951,Gary Berry,ryanhenson@yahoo.com,2023-01-03,Pakistan,6463
952,Evelyn Burgess,xhernandez@allen.net,2021-07-27,Israel,644
953,Adam Winters,kmartin@yahoo.com,2020-12-24,New Caledonia,2955
954,Nicholas Rodriguez,brianwilliams@hotmail.com,2022-01-29,Uzbekistan,4091
955,Melanie Smith,jessica69@smith-hall.info,2021-02-25,Norway,8028
956,Andrew Pierce,ramirezaustin@yahoo.com,2024-07-04,Netherlands Antilles,3605
957,Alyssa Rodriguez,laurenmarquez@yahoo.com,2024-02-11,Western Sahara,2098
958,Jennifer Thompson,brucetracy@hotmail.com,2022-04-21,Anguilla,4571
959,Danielle Tanner,cthompson@hutchinson.net,2022-10-31,Samoa,5768
960,Heather Diaz,paulahodges@hotmail.com,2020-04-18,Netherlands Antilles,5236
961,Micheal Mathis,telliott@small.org,2022-07-04,Panama,7124
962,Justin Stein,alexanderamanda@andrews.com,2024-03-16,India,1757
963,Timothy Lawson,maria88@gmail.com,2022-01-18,Mongolia,9126
964,Justin Johnson,michaelferguson@williams.biz,2023-04-08,Iraq,4677
965,Nancy Clark,erickelly@clark.com,2020-03-28,Saint Lucia,9995
966,Crystal Garcia,tracydeleon@grimes.com,2023-09-22,Jordan,8864
967,Lori Craig,cchase@jones.com,2021-04-14,Chile,3296
968,Jessica Roman,levykevin@aguirre-walters.com,2021-10-14,Taiwan,4860
969,Anna Ray,susanleach@gmail.com,2022-01-05,Bulgaria,7238
970,Kevin Vega,brent49@mcclain-silva.com,2022-12-15,Isle of Man,8421
971,Stephanie Vargas,chapmanashley@hotmail.com,2019-10-29,Cayman Islands,9906
972,Renee Moreno,stephaniemcintosh@gmail.com,2020-10-07,Montserrat,7570
973,Timothy Rodgers,daniellepadilla@hotmail.com,2023-03-07,Vietnam,8784
974,Garrett Green,vanessa15@yahoo.com,2021-06-25,Congo,4276
975,Nicole Lyons,maxwell39@cooper.net,2022-12-26,Benin,4465
976,Kari Lopez,xpark@yahoo.com,2020-02-06,Ukraine,3797
977,Cassandra Carroll,hudsonrobert@hotmail.com,2021-08-22,Christmas Island,271
978,Jonathan Gaines,tracybell@gallagher-johnson.com,2020-02-06,United States Minor Outlying Islands,1945
979,Dennis Ward,christopher80@foley.info,2024-03-18,Saint Martin,1620
980,Ronald Ward,sshaw@warren-hanson.biz,2021-06-02,Argentina,2827
981,Amy Mitchell,ycook@gmail.com,2023-04-01,Korea,6793
982,Ryan Casey,richard83@patterson.info,2024-07-02,Algeria,4075
983,Richard Bauer,amandahowell@jacobs.com,2024-01-30,Palau,3572
984,Dana Davis,whitney87@diaz.com,2022-04-29,Turkey,4662
985,Donna Rodriguez,kvalenzuela@hotmail.com,2024-02-17,Barbados,105
986,Rebecca Morales,whiteheadbradley@hotmail.com,2022-02-04,Saint Martin,8774
987,Mary Keith,perezdavid@harris-mcdonald.com,2020-11-22,Libyan Arab Jamahiriya,8442
988,Dwayne Hernandez,idawson@gmail.com,2024-02-22,Iceland,7016
989,Albert Rogers,ucruz@yahoo.com,2021-08-27,Ukraine,815
990,Natalie Morris,ian90@gmail.com,2021-12-03,Zambia,1995
991,Zachary Ayala,brittneyfreeman@roberts.com,2021-07-14,Mauritius,6302
992,Kenneth Jennings,qmcmillan@griffin.info,2023-10-21,Mayotte,4464
993,Robert Garcia,fergusonrachel@williams.com,2023-09-16,Greece,1937
994,Richard Cooper,bjohnston@yahoo.com,2023-02-11,Australia,9251
995,Monica Mendoza,amy43@howard-holt.info,2023-04-14,Colombia,5880
996,Kimberly Sutton,mbrown@yahoo.com,2023-03-27,Cote d'Ivoire,3761
997,Jeffrey Holland,bettysmith@hotmail.com,2022-05-04,Ireland,8956
998,Walter Kirk,hallricardo@gmail.com,2020-05-04,Guinea-Bissau,4623
999,Jeffrey Smith,dennisjo@huang-gonzales.biz,2024-05-18,Kazakhstan,3630
1000,Audrey Smith,jason45@hotmail.com,2022-06-29,Mongolia,3934
